user_id,path,t_begin,t_end,success,reward
82,"[('STARLINK-31858', 0, 0), ('STARLINK-2575', 18, 1), ('STARLINK-2575', 18, 2), ('STARLINK-2575', 18, 3), ('STARLINK-2575', 18, 4), ('STARLINK-4158', 14, 5), ('STARLINK-4158', 14, 6), ('STARLINK-4158', 14, 7), ('STARLINK-4158', 14, 8), ('STARLINK-34160', 7, 9), ('STARLINK-34160', 7, 10), ('STARLINK-34160', 7, 11)]",0,11,True,2467.0775959615794
84,"[('STARLINK-31858', 1, 0), ('STARLINK-2575', 23, 1), ('STARLINK-2575', 23, 2), ('STARLINK-2575', 23, 3), ('STARLINK-2575', 23, 4), ('STARLINK-4158', 20, 5), ('STARLINK-4158', 20, 6), ('STARLINK-4158', 20, 7), ('STARLINK-4158', 20, 8), ('STARLINK-34160', 0, 9), ('STARLINK-34160', 0, 10)]",0,10,True,2290.514614519908
80,"[('STARLINK-31858', 5, 0), ('STARLINK-2575', 5, 1), ('STARLINK-2575', 5, 2), ('STARLINK-2575', 5, 3), ('STARLINK-2575', 5, 4), ('STARLINK-4158', 22, 5), ('STARLINK-4158', 22, 6), ('STARLINK-4158', 22, 7), ('STARLINK-4158', 22, 8), ('STARLINK-34160', 18, 9), ('STARLINK-34160', 18, 10), ('STARLINK-34160', 18, 11)]",0,11,True,2416.9902560279083
81,"[('STARLINK-31858', 10, 0), ('STARLINK-2575', 13, 1), ('STARLINK-2575', 13, 2), ('STARLINK-2575', 13, 3), ('STARLINK-2575', 13, 4), ('STARLINK-4158', 8, 5), ('STARLINK-4158', 8, 6), ('STARLINK-4158', 8, 7), ('STARLINK-4158', 8, 8), ('STARLINK-34160', 19, 9), ('STARLINK-34160', 19, 10), ('STARLINK-34160', 19, 11)]",0,11,True,2391.9453047719694
83,"[('STARLINK-31858', 11, 0), ('STARLINK-2575', 4, 1), ('STARLINK-2575', 4, 2), ('STARLINK-2575', 4, 3), ('STARLINK-2575', 4, 4), ('STARLINK-4158', 5, 5), ('STARLINK-4158', 5, 6), ('STARLINK-4158', 5, 7), ('STARLINK-4158', 5, 8), ('STARLINK-34160', 11, 9), ('STARLINK-34160', 11, 10), ('STARLINK-34160', 11, 11), ('STARLINK-34160', 11, 12)]",0,12,True,2494.846705927679
85,"[('STARLINK-2575', 20, 1), ('STARLINK-2575', 20, 2), ('STARLINK-2575', 20, 3), ('STARLINK-2575', 20, 4), ('STARLINK-4158', 18, 5), ('STARLINK-4158', 18, 6), ('STARLINK-4158', 18, 7), ('STARLINK-4158', 18, 8), ('STARLINK-34160', 13, 9), ('STARLINK-34160', 13, 10), ('STARLINK-34160', 13, 11), ('STARLINK-34160', 13, 12), ('STARLINK-31744', 1, 13)]",1,13,True,2395.8880689980247
86,"[('STARLINK-2575', 15, 1), ('STARLINK-2575', 15, 2), ('STARLINK-2575', 15, 3), ('STARLINK-2575', 15, 4), ('STARLINK-4158', 9, 5), ('STARLINK-4158', 9, 6), ('STARLINK-4158', 9, 7), ('STARLINK-4158', 9, 8), ('STARLINK-34160', 1, 9), ('STARLINK-34160', 1, 10), ('STARLINK-34160', 1, 11), ('STARLINK-34160', 1, 12)]",1,12,True,2200.8336022505378
88,"[('STARLINK-2575', 24, 1), ('STARLINK-2575', 24, 2), ('STARLINK-2575', 24, 3), ('STARLINK-2575', 24, 4), ('STARLINK-4158', 19, 5), ('STARLINK-4158', 19, 6), ('STARLINK-4158', 19, 7), ('STARLINK-4158', 19, 8), ('STARLINK-34160', 23, 9), ('STARLINK-34160', 23, 10), ('STARLINK-34160', 23, 11)]",1,11,True,2053.118314478906
89,"[('STARLINK-2575', 9, 1), ('STARLINK-2575', 9, 2), ('STARLINK-2575', 9, 3), ('STARLINK-2575', 9, 4), ('STARLINK-4158', 1, 5), ('STARLINK-4158', 1, 6), ('STARLINK-4158', 1, 7), ('STARLINK-4158', 1, 8), ('STARLINK-34160', 10, 9), ('STARLINK-34160', 10, 10), ('STARLINK-34160', 10, 11), ('STARLINK-34160', 10, 12)]",1,12,True,2153.136009883398
87,"[('STARLINK-2575', 12, 1), ('STARLINK-2575', 12, 2), ('STARLINK-2575', 12, 3), ('STARLINK-2575', 12, 4), ('STARLINK-4158', 10, 5), ('STARLINK-4158', 10, 6), ('STARLINK-4158', 10, 7), ('STARLINK-4158', 10, 8), ('STARLINK-34160', 12, 9), ('STARLINK-34160', 12, 10), ('STARLINK-34160', 12, 11)]",1,11,True,2008.1498985501612
66,"[('STARLINK-33873', 15, 6), ('STARLINK-33873', 15, 7), ('STARLINK-33873', 15, 8), ('STARLINK-33873', 15, 9), ('STARLINK-34160', 4, 10), ('STARLINK-34160', 4, 11), ('STARLINK-34160', 4, 12), ('STARLINK-34160', 4, 13), ('STARLINK-33717', 16, 14), ('STARLINK-33717', 16, 15), ('STARLINK-33717', 16, 16), ('STARLINK-33717', 16, 17)]",6,17,True,2104.8399801201176
65,"[('STARLINK-4158', 13, 6), ('STARLINK-4158', 13, 7), ('STARLINK-4158', 13, 8), ('STARLINK-34160', 3, 9), ('STARLINK-34160', 3, 10), ('STARLINK-34160', 3, 11), ('STARLINK-34160', 3, 12), ('STARLINK-34160', 3, 13), ('STARLINK-33717', 2, 14), ('STARLINK-33717', 2, 15), ('STARLINK-33717', 2, 16)]",6,16,True,1884.6599193992108
69,"[('STARLINK-33873', 21, 6), ('STARLINK-33873', 21, 7), ('STARLINK-33873', 21, 8), ('STARLINK-33873', 21, 9), ('STARLINK-34160', 6, 10), ('STARLINK-34160', 6, 11), ('STARLINK-34160', 6, 12), ('STARLINK-34160', 6, 13), ('STARLINK-33717', 18, 14), ('STARLINK-33717', 18, 15), ('STARLINK-33717', 18, 16), ('STARLINK-33717', 18, 17)]",6,17,True,2069.2282399272726
67,"[('STARLINK-4158', 4, 6), ('STARLINK-4158', 4, 7), ('STARLINK-4158', 4, 8), ('STARLINK-34160', 8, 9), ('STARLINK-34160', 8, 10), ('STARLINK-34160', 8, 11), ('STARLINK-34160', 8, 12), ('STARLINK-34160', 8, 13), ('STARLINK-33717', 11, 14), ('STARLINK-33717', 11, 15), ('STARLINK-33717', 11, 16), ('STARLINK-33717', 11, 17)]",6,17,True,1959.5559679511762
68,"[('STARLINK-4158', 23, 6), ('STARLINK-4158', 23, 7), ('STARLINK-4158', 23, 8), ('STARLINK-34160', 20, 9), ('STARLINK-34160', 20, 10), ('STARLINK-34160', 20, 11), ('STARLINK-34160', 20, 12), ('STARLINK-34160', 20, 13), ('STARLINK-30906', 7, 14), ('STARLINK-30906', 7, 15), ('STARLINK-30906', 7, 16)]",6,16,True,1757.498131985718
71,"[('STARLINK-33873', 3, 7), ('STARLINK-33873', 3, 8), ('STARLINK-33873', 3, 9), ('STARLINK-34160', 21, 10), ('STARLINK-34160', 21, 11), ('STARLINK-34160', 21, 12), ('STARLINK-34160', 21, 13), ('STARLINK-33717', 0, 14), ('STARLINK-33717', 0, 15), ('STARLINK-33717', 0, 16), ('STARLINK-33717', 0, 17), ('STARLINK-5158', 0, 18), ('STARLINK-5158', 0, 19)]",7,19,True,2266.4012477491556
72,"[('STARLINK-33873', 11, 7), ('STARLINK-33873', 11, 8), ('STARLINK-33873', 11, 9), ('STARLINK-34160', 9, 10), ('STARLINK-34160', 9, 11), ('STARLINK-34160', 9, 12), ('STARLINK-34160', 9, 13), ('STARLINK-33717', 10, 14), ('STARLINK-33717', 10, 15), ('STARLINK-33717', 10, 16), ('STARLINK-33717', 10, 17)]",7,17,True,1742.626897722405
70,"[('STARLINK-33873', 12, 7), ('STARLINK-33873', 12, 8), ('STARLINK-33873', 12, 9), ('STARLINK-34160', 14, 10), ('STARLINK-34160', 14, 11), ('STARLINK-34160', 14, 12), ('STARLINK-34160', 14, 13), ('STARLINK-33717', 20, 14), ('STARLINK-33717', 20, 15), ('STARLINK-33717', 20, 16), ('STARLINK-33717', 20, 17)]",7,17,True,1723.493403316406
73,"[('STARLINK-33873', 0, 7), ('STARLINK-33873', 0, 8), ('STARLINK-33873', 0, 9), ('STARLINK-34160', 16, 10), ('STARLINK-34160', 16, 11), ('STARLINK-34160', 16, 12), ('STARLINK-34160', 16, 13), ('STARLINK-33717', 8, 14), ('STARLINK-33717', 8, 15), ('STARLINK-33717', 8, 16), ('STARLINK-33717', 8, 17)]",7,17,True,1578.6915165650798
74,"[('STARLINK-33873', 2, 7), ('STARLINK-33873', 2, 8), ('STARLINK-33873', 2, 9), ('STARLINK-34160', 15, 10), ('STARLINK-34160', 15, 11), ('STARLINK-34160', 15, 12), ('STARLINK-34160', 15, 13), ('STARLINK-33717', 13, 14), ('STARLINK-33717', 13, 15), ('STARLINK-33717', 13, 16), ('STARLINK-33717', 13, 17), ('STARLINK-5158', 1, 18), ('STARLINK-5158', 1, 19)]",7,19,True,2019.3708983487495
45,"[('STARLINK-33873', 24, 8), ('STARLINK-33873', 24, 9), ('STARLINK-34160', 24, 10), ('STARLINK-34160', 24, 11), ('STARLINK-34160', 24, 12), ('STARLINK-34160', 24, 13), ('STARLINK-33717', 6, 14), ('STARLINK-33717', 6, 15), ('STARLINK-33717', 6, 16), ('STARLINK-33717', 6, 17), ('STARLINK-5158', 2, 18), ('STARLINK-5158', 2, 19), ('STARLINK-5158', 2, 20)]",8,20,True,2030.8392672555153
46,"[('STARLINK-33873', 7, 8), ('STARLINK-33873', 7, 9), ('STARLINK-34160', 2, 10), ('STARLINK-34160', 2, 11), ('STARLINK-34160', 2, 12), ('STARLINK-34160', 2, 13), ('STARLINK-33717', 21, 14), ('STARLINK-33717', 21, 15), ('STARLINK-33717', 21, 16), ('STARLINK-33717', 21, 17), ('STARLINK-5158', 6, 18)]",8,18,True,1605.1638121512635
47,"[('STARLINK-33873', 13, 8), ('STARLINK-33873', 13, 9), ('STARLINK-34160', 17, 10), ('STARLINK-34160', 17, 11), ('STARLINK-34160', 17, 12), ('STARLINK-34160', 17, 13), ('STARLINK-33717', 4, 14), ('STARLINK-33717', 4, 15), ('STARLINK-33717', 4, 16), ('STARLINK-33717', 4, 17), ('STARLINK-5158', 7, 18), ('STARLINK-5158', 7, 19)]",8,19,True,1681.1051584101288
48,"[('STARLINK-34165', 14, 8), ('STARLINK-34165', 14, 9), ('STARLINK-34165', 14, 10), ('STARLINK-34165', 14, 11), ('STARLINK-32190', 24, 12), ('STARLINK-32190', 24, 13), ('STARLINK-32190', 24, 14), ('STARLINK-32190', 24, 15), ('STARLINK-31771', 15, 16), ('STARLINK-31771', 15, 17), ('STARLINK-31771', 15, 18)]",8,18,True,1153.0551142313468
49,"[('STARLINK-34165', 18, 8), ('STARLINK-34165', 18, 9), ('STARLINK-34165', 18, 10), ('STARLINK-34165', 18, 11), ('STARLINK-32190', 3, 12), ('STARLINK-32190', 3, 13), ('STARLINK-32190', 3, 14), ('STARLINK-32190', 3, 15), ('STARLINK-6116', 12, 16), ('STARLINK-6116', 12, 17), ('STARLINK-6116', 12, 18), ('STARLINK-6116', 12, 19), ('STARLINK-3752', 11, 20)]",8,20,True,1319.9218849071588
30,"[('STARLINK-34165', 6, 9), ('STARLINK-34165', 6, 10), ('STARLINK-34165', 6, 11), ('STARLINK-32190', 19, 12), ('STARLINK-32190', 19, 13), ('STARLINK-32190', 19, 14), ('STARLINK-32190', 19, 15), ('STARLINK-6116', 23, 16), ('STARLINK-6116', 23, 17), ('STARLINK-6116', 23, 18), ('STARLINK-6116', 23, 19), ('STARLINK-3752', 13, 20)]",9,20,True,1259.680377717721
31,"[('STARLINK-34165', 19, 9), ('STARLINK-34165', 19, 10), ('STARLINK-34165', 19, 11), ('STARLINK-32190', 12, 12), ('STARLINK-32190', 12, 13), ('STARLINK-32190', 12, 14), ('STARLINK-32190', 12, 15), ('STARLINK-6116', 5, 16), ('STARLINK-6116', 5, 17), ('STARLINK-6116', 5, 18), ('STARLINK-6116', 5, 19)]",9,19,True,899.7580879964554
32,"[('STARLINK-34165', 8, 9), ('STARLINK-34165', 8, 10), ('STARLINK-34165', 8, 11), ('STARLINK-32190', 22, 12), ('STARLINK-32190', 22, 13), ('STARLINK-32190', 22, 14), ('STARLINK-32190', 22, 15), ('STARLINK-6116', 1, 16), ('STARLINK-6116', 1, 17), ('STARLINK-6116', 1, 18), ('STARLINK-6116', 1, 19)]",9,19,True,839.5809857317369
33,"[('STARLINK-34165', 20, 9), ('STARLINK-34165', 20, 10), ('STARLINK-34165', 20, 11), ('STARLINK-32190', 14, 12), ('STARLINK-32190', 14, 13), ('STARLINK-32190', 14, 14), ('STARLINK-32190', 14, 15), ('STARLINK-6116', 3, 16), ('STARLINK-6116', 3, 17), ('STARLINK-6116', 3, 18), ('STARLINK-6116', 3, 19), ('STARLINK-3752', 14, 20)]",9,20,True,1042.8841966997252
34,"[('STARLINK-34165', 1, 9), ('STARLINK-34165', 1, 10), ('STARLINK-34165', 1, 11), ('STARLINK-32190', 23, 12), ('STARLINK-32190', 23, 13), ('STARLINK-32190', 23, 14), ('STARLINK-32190', 23, 15), ('STARLINK-5950', 20, 16), ('STARLINK-5950', 20, 17), ('STARLINK-5950', 20, 18), ('STARLINK-5950', 20, 19), ('STARLINK-3752', 15, 20)]",9,20,True,994.1687150548116
63,"[('STARLINK-34165', 7, 10), ('STARLINK-34165', 7, 11), ('STARLINK-32190', 15, 12), ('STARLINK-32190', 15, 13), ('STARLINK-32190', 15, 14), ('STARLINK-32190', 15, 15), ('STARLINK-5950', 18, 16), ('STARLINK-5950', 18, 17), ('STARLINK-5950', 18, 18), ('STARLINK-5950', 18, 19), ('STARLINK-31996', 18, 20), ('STARLINK-31996', 18, 21), ('STARLINK-31996', 18, 22)]",10,22,True,1404.9486121639352
61,"[('STARLINK-34165', 17, 10), ('STARLINK-34165', 17, 11), ('STARLINK-32190', 9, 12), ('STARLINK-32190', 9, 13), ('STARLINK-32190', 9, 14), ('STARLINK-32190', 9, 15), ('STARLINK-5950', 8, 16), ('STARLINK-5950', 8, 17), ('STARLINK-5950', 8, 18), ('STARLINK-5950', 8, 19), ('STARLINK-31996', 21, 20), ('STARLINK-31996', 21, 21)]",10,21,True,1147.7904215820533
64,"[('STARLINK-34165', 21, 10), ('STARLINK-34165', 21, 11), ('STARLINK-32190', 1, 12), ('STARLINK-32190', 1, 13), ('STARLINK-32190', 1, 14), ('STARLINK-32190', 1, 15), ('STARLINK-6116', 16, 16), ('STARLINK-6116', 16, 17), ('STARLINK-6116', 16, 18), ('STARLINK-6116', 16, 19), ('STARLINK-31996', 16, 20), ('STARLINK-31996', 16, 21), ('STARLINK-31996', 16, 22)]",10,22,True,1278.8393809785439
60,"[('STARLINK-34165', 4, 10), ('STARLINK-34165', 4, 11), ('STARLINK-32190', 7, 12), ('STARLINK-32190', 7, 13), ('STARLINK-32190', 7, 14), ('STARLINK-32190', 7, 15), ('STARLINK-6116', 14, 16), ('STARLINK-6116', 14, 17), ('STARLINK-6116', 14, 18), ('STARLINK-6116', 14, 19), ('STARLINK-31996', 8, 20), ('STARLINK-31996', 8, 21), ('STARLINK-31996', 8, 22)]",10,22,True,1111.3090499772893
62,"[('STARLINK-34165', 11, 10), ('STARLINK-34165', 11, 11), ('STARLINK-32190', 18, 12), ('STARLINK-32190', 18, 13), ('STARLINK-32190', 18, 14), ('STARLINK-32190', 18, 15), ('STARLINK-6116', 24, 16), ('STARLINK-6116', 24, 17), ('STARLINK-6116', 24, 18), ('STARLINK-6116', 24, 19), ('STARLINK-31996', 19, 20), ('STARLINK-31996', 19, 21), ('STARLINK-31996', 19, 22)]",10,22,True,1084.6086750570605
75,"[('STARLINK-31678', 0, 12), ('STARLINK-31678', 0, 13), ('STARLINK-33717', 19, 14), ('STARLINK-33717', 19, 15), ('STARLINK-33717', 19, 16), ('STARLINK-33717', 19, 17), ('STARLINK-5158', 20, 18), ('STARLINK-5158', 20, 19), ('STARLINK-5158', 20, 20), ('STARLINK-5158', 20, 21), ('STARLINK-30334', 22, 22), ('STARLINK-30334', 22, 23), ('STARLINK-30334', 22, 24)]",12,24,True,2039.368913579618
76,"[('STARLINK-31678', 7, 12), ('STARLINK-31678', 7, 13), ('STARLINK-33717', 7, 14), ('STARLINK-33717', 7, 15), ('STARLINK-33717', 7, 16), ('STARLINK-33717', 7, 17), ('STARLINK-5158', 13, 18), ('STARLINK-5158', 13, 19), ('STARLINK-5158', 13, 20), ('STARLINK-5158', 13, 21), ('STARLINK-30334', 23, 22), ('STARLINK-30334', 23, 23)]",12,23,True,1659.779260380108
79,"[('STARLINK-31678', 18, 12), ('STARLINK-31678', 18, 13), ('STARLINK-33717', 22, 14), ('STARLINK-33717', 22, 15), ('STARLINK-33717', 22, 16), ('STARLINK-33717', 22, 17), ('STARLINK-5158', 11, 18), ('STARLINK-5158', 11, 19), ('STARLINK-5158', 11, 20), ('STARLINK-5158', 11, 21), ('STARLINK-30334', 12, 22)]",12,22,True,1272.7714177719479
78,"[('STARLINK-31678', 23, 12), ('STARLINK-31678', 23, 13), ('STARLINK-33717', 12, 14), ('STARLINK-33717', 12, 15), ('STARLINK-33717', 12, 16), ('STARLINK-33717', 12, 17), ('STARLINK-5158', 21, 18), ('STARLINK-5158', 21, 19), ('STARLINK-5158', 21, 20), ('STARLINK-5158', 21, 21), ('STARLINK-30334', 14, 22), ('STARLINK-30334', 14, 23)]",12,23,True,1407.1973336257217
77,"[('STARLINK-31678', 19, 12), ('STARLINK-31678', 19, 13), ('STARLINK-33717', 3, 14), ('STARLINK-33717', 3, 15), ('STARLINK-33717', 3, 16), ('STARLINK-33717', 3, 17), ('STARLINK-5158', 10, 18), ('STARLINK-5158', 10, 19), ('STARLINK-5158', 10, 20), ('STARLINK-5158', 10, 21), ('STARLINK-30334', 15, 22), ('STARLINK-30334', 15, 23), ('STARLINK-30334', 15, 24)]",12,24,True,1515.739264239594
37,"[('STARLINK-31744', 10, 13), ('STARLINK-33717', 23, 14), ('STARLINK-33717', 23, 15), ('STARLINK-33717', 23, 16), ('STARLINK-33717', 23, 17), ('STARLINK-5158', 22, 18), ('STARLINK-5158', 22, 19), ('STARLINK-5158', 22, 20), ('STARLINK-5158', 22, 21), ('STARLINK-5158', 22, 22), ('STARLINK-33846', 17, 23), ('STARLINK-33846', 17, 24), ('STARLINK-33846', 17, 25)]",13,25,True,1487.742558646672
38,"[('STARLINK-31744', 11, 13), ('STARLINK-33717', 5, 14), ('STARLINK-33717', 5, 15), ('STARLINK-33717', 5, 16), ('STARLINK-33717', 5, 17), ('STARLINK-5158', 23, 18), ('STARLINK-5158', 23, 19), ('STARLINK-5158', 23, 20), ('STARLINK-5158', 23, 21), ('STARLINK-5158', 23, 22), ('STARLINK-33846', 18, 23), ('STARLINK-33846', 18, 24), ('STARLINK-33846', 18, 25)]",13,25,True,1466.8828722260002
39,"[('STARLINK-31744', 12, 13), ('STARLINK-33717', 15, 14), ('STARLINK-33717', 15, 15), ('STARLINK-33717', 15, 16), ('STARLINK-33717', 15, 17), ('STARLINK-5158', 17, 18), ('STARLINK-5158', 17, 19), ('STARLINK-5158', 17, 20), ('STARLINK-5158', 17, 21), ('STARLINK-30334', 4, 22), ('STARLINK-30334', 4, 23), ('STARLINK-30334', 4, 24)]",13,24,True,1221.5988745934199
35,"[('STARLINK-31744', 4, 13), ('STARLINK-33717', 1, 14), ('STARLINK-33717', 1, 15), ('STARLINK-33717', 1, 16), ('STARLINK-33717', 1, 17), ('STARLINK-5158', 12, 18), ('STARLINK-5158', 12, 19), ('STARLINK-5158', 12, 20), ('STARLINK-5158', 12, 21), ('STARLINK-30334', 24, 22), ('STARLINK-30334', 24, 23), ('STARLINK-30334', 24, 24)]",13,24,True,1170.0293875046045
36,"[('STARLINK-31744', 6, 13), ('STARLINK-33717', 14, 14), ('STARLINK-33717', 14, 15), ('STARLINK-33717', 14, 16), ('STARLINK-33717', 14, 17), ('STARLINK-5158', 5, 18), ('STARLINK-5158', 5, 19), ('STARLINK-5158', 5, 20), ('STARLINK-5158', 5, 21), ('STARLINK-5158', 5, 22), ('STARLINK-30334', 19, 23), ('STARLINK-30334', 19, 24)]",13,24,True,1107.8670588256614
58,"[('STARLINK-30906', 24, 15), ('STARLINK-30906', 24, 16), ('STARLINK-30530', 16, 17), ('STARLINK-30530', 16, 18), ('STARLINK-30530', 16, 19), ('STARLINK-30530', 16, 20), ('STARLINK-30334', 8, 21), ('STARLINK-30334', 8, 22), ('STARLINK-30334', 8, 23), ('STARLINK-30334', 8, 24), ('STARLINK-33914', 0, 25)]",15,25,True,1182.9064827860332
59,"[('STARLINK-33717', 17, 15), ('STARLINK-33717', 17, 16), ('STARLINK-33717', 17, 17), ('STARLINK-5158', 18, 18), ('STARLINK-5158', 18, 19), ('STARLINK-5158', 18, 20), ('STARLINK-5158', 18, 21), ('STARLINK-5158', 18, 22), ('STARLINK-30552', 16, 23), ('STARLINK-30552', 16, 24), ('STARLINK-30552', 16, 25), ('STARLINK-30552', 16, 26), ('STARLINK-33832', 3, 27)]",15,27,True,1515.6857870441359
55,"[('STARLINK-30906', 0, 15), ('STARLINK-30906', 0, 16), ('STARLINK-30530', 19, 17), ('STARLINK-30530', 19, 18), ('STARLINK-30530', 19, 19), ('STARLINK-30530', 19, 20), ('STARLINK-30334', 2, 21), ('STARLINK-30334', 2, 22), ('STARLINK-30334', 2, 23), ('STARLINK-30334', 2, 24), ('STARLINK-30552', 2, 25), ('STARLINK-30552', 2, 26)]",15,26,True,1232.883447723761
57,"[('STARLINK-31457', 2, 15), ('STARLINK-31457', 2, 16), ('STARLINK-31457', 2, 17), ('STARLINK-5158', 9, 18), ('STARLINK-5158', 9, 19), ('STARLINK-5158', 9, 20), ('STARLINK-5158', 9, 21), ('STARLINK-5158', 9, 22), ('STARLINK-30552', 10, 23), ('STARLINK-30552', 10, 24), ('STARLINK-30552', 10, 25), ('STARLINK-30552', 10, 26), ('STARLINK-33832', 4, 27)]",15,27,True,1431.1492085307636
56,"[('STARLINK-30906', 21, 15), ('STARLINK-30906', 21, 16), ('STARLINK-30530', 8, 17), ('STARLINK-30530', 8, 18), ('STARLINK-30530', 8, 19), ('STARLINK-30530', 8, 20), ('STARLINK-30334', 13, 21), ('STARLINK-30334', 13, 22), ('STARLINK-30334', 13, 23), ('STARLINK-30334', 13, 24), ('STARLINK-33846', 11, 25), ('STARLINK-33846', 11, 26), ('STARLINK-33846', 11, 27)]",15,27,True,1358.0704032531346
94,"[('STARLINK-31771', 4, 16), ('STARLINK-31771', 4, 17), ('STARLINK-31771', 4, 18), ('STARLINK-5078', 0, 19), ('STARLINK-5078', 0, 20), ('STARLINK-5078', 0, 21), ('STARLINK-5078', 0, 22), ('STARLINK-5078', 0, 23), ('STARLINK-33846', 22, 24), ('STARLINK-33846', 22, 25), ('STARLINK-33846', 22, 26), ('STARLINK-33846', 22, 27), ('STARLINK-3749', 0, 28)]",16,28,True,1435.4943932348285
93,"[('STARLINK-31771', 10, 16), ('STARLINK-31771', 10, 17), ('STARLINK-5158', 14, 18), ('STARLINK-5158', 14, 19), ('STARLINK-5158', 14, 20), ('STARLINK-5158', 14, 21), ('STARLINK-30334', 3, 22), ('STARLINK-30334', 3, 23), ('STARLINK-30334', 3, 24), ('STARLINK-30334', 3, 25), ('STARLINK-31483', 8, 26), ('STARLINK-31483', 8, 27)]",16,27,True,1162.653826451979
92,"[('STARLINK-31771', 11, 16), ('STARLINK-31771', 11, 17), ('STARLINK-5158', 15, 18), ('STARLINK-5158', 15, 19), ('STARLINK-5158', 15, 20), ('STARLINK-5158', 15, 21), ('STARLINK-30334', 20, 22), ('STARLINK-30334', 20, 23), ('STARLINK-30334', 20, 24), ('STARLINK-30334', 20, 25), ('STARLINK-31483', 0, 26)]",16,26,True,911.8893850127147
90,"[('STARLINK-31771', 24, 16), ('STARLINK-31771', 24, 17), ('STARLINK-31771', 24, 18), ('STARLINK-5078', 6, 19), ('STARLINK-5078', 6, 20), ('STARLINK-5078', 6, 21), ('STARLINK-5078', 6, 22), ('STARLINK-5078', 6, 23), ('STARLINK-33846', 19, 24), ('STARLINK-33846', 19, 25), ('STARLINK-33846', 19, 26), ('STARLINK-33846', 19, 27), ('STARLINK-3749', 1, 28)]",16,28,True,1326.2383246927302
91,"[('STARLINK-30906', 6, 16), ('STARLINK-30530', 7, 17), ('STARLINK-30530', 7, 18), ('STARLINK-30530', 7, 19), ('STARLINK-30530', 7, 20), ('STARLINK-30334', 1, 21), ('STARLINK-30334', 1, 22), ('STARLINK-30334', 1, 23), ('STARLINK-30334', 1, 24), ('STARLINK-30552', 14, 25), ('STARLINK-30552', 14, 26)]",16,26,True,880.4646808471431
96,"[('STARLINK-31771', 2, 17), ('STARLINK-31771', 2, 18), ('STARLINK-31996', 11, 19), ('STARLINK-31996', 11, 20), ('STARLINK-31996', 11, 21), ('STARLINK-31996', 11, 22), ('STARLINK-31996', 11, 23), ('STARLINK-33846', 12, 24), ('STARLINK-33846', 12, 25), ('STARLINK-33846', 12, 26), ('STARLINK-33846', 12, 27), ('STARLINK-5287', 2, 28), ('STARLINK-5287', 2, 29)]",17,29,True,1437.5872871450397
95,"[('STARLINK-31771', 16, 17), ('STARLINK-31771', 16, 18), ('STARLINK-5078', 2, 19), ('STARLINK-5078', 2, 20), ('STARLINK-5078', 2, 21), ('STARLINK-5078', 2, 22), ('STARLINK-30552', 9, 23), ('STARLINK-30552', 9, 24), ('STARLINK-30552', 9, 25), ('STARLINK-30552', 9, 26), ('STARLINK-33832', 6, 27)]",17,27,True,1011.7862276831437
97,"[('STARLINK-31771', 19, 17), ('STARLINK-31771', 19, 18), ('STARLINK-5078', 20, 19), ('STARLINK-5078', 20, 20), ('STARLINK-5078', 20, 21), ('STARLINK-5078', 20, 22), ('STARLINK-30552', 24, 23), ('STARLINK-30552', 24, 24), ('STARLINK-30552', 24, 25), ('STARLINK-30552', 24, 26), ('STARLINK-33832', 15, 27)]",17,27,True,987.0127849030782
99,"[('STARLINK-31771', 8, 17), ('STARLINK-31771', 8, 18), ('STARLINK-5078', 23, 19), ('STARLINK-5078', 23, 20), ('STARLINK-5078', 23, 21), ('STARLINK-5078', 23, 22), ('STARLINK-5078', 23, 23), ('STARLINK-33846', 13, 24), ('STARLINK-33846', 13, 25), ('STARLINK-33846', 13, 26), ('STARLINK-33846', 13, 27), ('STARLINK-3749', 5, 28)]",17,28,True,1169.6806870752973
98,"[('STARLINK-31771', 0, 17), ('STARLINK-31771', 0, 18), ('STARLINK-5078', 1, 19), ('STARLINK-5078', 1, 20), ('STARLINK-5078', 1, 21), ('STARLINK-5078', 1, 22), ('STARLINK-30552', 21, 23), ('STARLINK-30552', 21, 24), ('STARLINK-30552', 21, 25), ('STARLINK-30552', 21, 26), ('STARLINK-33832', 20, 27)]",17,27,True,950.4576097190715
19,"[('STARLINK-5158', 24, 18), ('STARLINK-5078', 22, 19), ('STARLINK-5078', 22, 20), ('STARLINK-5078', 22, 21), ('STARLINK-5078', 22, 22), ('STARLINK-33846', 7, 23), ('STARLINK-33846', 7, 24), ('STARLINK-33846', 7, 25), ('STARLINK-33846', 7, 26), ('STARLINK-33846', 7, 27), ('STARLINK-3749', 6, 28)]",18,28,True,1044.0876579761766
17,"[('STARLINK-5158', 4, 18), ('STARLINK-5078', 3, 19), ('STARLINK-5078', 3, 20), ('STARLINK-5078', 3, 21), ('STARLINK-5078', 3, 22), ('STARLINK-33846', 8, 23), ('STARLINK-33846', 8, 24), ('STARLINK-33846', 8, 25), ('STARLINK-33846', 8, 26), ('STARLINK-33846', 8, 27), ('STARLINK-5287', 7, 28), ('STARLINK-5287', 7, 29)]",18,29,True,1066.720848850093
18,"[('STARLINK-30530', 12, 18), ('STARLINK-30530', 12, 19), ('STARLINK-30334', 16, 20), ('STARLINK-30334', 16, 21), ('STARLINK-30334', 16, 22), ('STARLINK-30334', 16, 23), ('STARLINK-33846', 3, 24), ('STARLINK-33846', 3, 25), ('STARLINK-33846', 3, 26), ('STARLINK-33846', 3, 27), ('STARLINK-5287', 9, 28), ('STARLINK-5287', 9, 29)]",18,29,True,1031.8635498846472
15,"[('STARLINK-30530', 21, 18), ('STARLINK-30530', 21, 19), ('STARLINK-31996', 0, 20), ('STARLINK-31996', 0, 21), ('STARLINK-31996', 0, 22), ('STARLINK-31996', 0, 23), ('STARLINK-33846', 23, 24), ('STARLINK-33846', 23, 25), ('STARLINK-33846', 23, 26), ('STARLINK-33846', 23, 27), ('STARLINK-5287', 17, 28), ('STARLINK-5287', 17, 29), ('STARLINK-5287', 17, 30)]",18,30,True,1294.6624155324423
16,"[('STARLINK-5158', 16, 18), ('STARLINK-5078', 10, 19), ('STARLINK-5078', 10, 20), ('STARLINK-5078', 10, 21), ('STARLINK-5078', 10, 22), ('STARLINK-5078', 10, 23), ('STARLINK-33846', 4, 24), ('STARLINK-33846', 4, 25), ('STARLINK-33846', 4, 26), ('STARLINK-33846', 4, 27), ('STARLINK-5287', 20, 28), ('STARLINK-5287', 20, 29), ('STARLINK-5287', 20, 30)]",18,30,True,1271.547715719471
29,"[('STARLINK-31996', 7, 21), ('STARLINK-31996', 7, 22), ('STARLINK-30552', 6, 23), ('STARLINK-30552', 6, 24), ('STARLINK-30552', 6, 25), ('STARLINK-30552', 6, 26), ('STARLINK-4279', 11, 27), ('STARLINK-4279', 11, 28), ('STARLINK-4279', 11, 29), ('STARLINK-4279', 11, 30), ('STARLINK-31380', 3, 31)]",21,31,True,1424.45779822172
28,"[('STARLINK-30334', 6, 21), ('STARLINK-30334', 6, 22), ('STARLINK-30334', 6, 23), ('STARLINK-33846', 15, 24), ('STARLINK-33846', 15, 25), ('STARLINK-33846', 15, 26), ('STARLINK-33846', 15, 27), ('STARLINK-5287', 4, 28), ('STARLINK-5287', 4, 29), ('STARLINK-5287', 4, 30), ('STARLINK-5287', 4, 31), ('STARLINK-5195', 14, 32)]",21,32,True,1608.6426521708343
27,"[('STARLINK-30334', 0, 21), ('STARLINK-30334', 0, 22), ('STARLINK-30334', 0, 23), ('STARLINK-33846', 10, 24), ('STARLINK-33846', 10, 25), ('STARLINK-33846', 10, 26), ('STARLINK-33846', 10, 27), ('STARLINK-5287', 13, 28), ('STARLINK-5287', 13, 29), ('STARLINK-5287', 13, 30), ('STARLINK-5287', 13, 31), ('STARLINK-33558', 16, 32)]",21,32,True,1551.4851442883532
26,"[('STARLINK-30334', 5, 21), ('STARLINK-30334', 5, 22), ('STARLINK-30334', 5, 23), ('STARLINK-33846', 14, 24), ('STARLINK-33846', 14, 25), ('STARLINK-33846', 14, 26), ('STARLINK-33846', 14, 27), ('STARLINK-5287', 12, 28), ('STARLINK-5287', 12, 29), ('STARLINK-5287', 12, 30), ('STARLINK-5287', 12, 31), ('STARLINK-5287', 12, 32), ('STARLINK-30300', 1, 33)]",21,33,True,1876.93873365224
25,"[('STARLINK-31996', 15, 21), ('STARLINK-31996', 15, 22), ('STARLINK-30552', 17, 23), ('STARLINK-30552', 17, 24), ('STARLINK-30552', 17, 25), ('STARLINK-30552', 17, 26), ('STARLINK-4279', 22, 27), ('STARLINK-4279', 22, 28), ('STARLINK-4279', 22, 29), ('STARLINK-4279', 22, 30), ('STARLINK-31380', 8, 31)]",21,31,True,1314.9011129684777
14,"[('STARLINK-30334', 21, 22), ('STARLINK-30334', 21, 23), ('STARLINK-33846', 2, 24), ('STARLINK-33846', 2, 25), ('STARLINK-33846', 2, 26), ('STARLINK-33846', 2, 27), ('STARLINK-5287', 23, 28), ('STARLINK-5287', 23, 29), ('STARLINK-5287', 23, 30), ('STARLINK-5287', 23, 31), ('STARLINK-5287', 23, 32), ('STARLINK-30300', 3, 33)]",22,33,True,1860.9610654185135
12,"[('STARLINK-30334', 9, 22), ('STARLINK-30334', 9, 23), ('STARLINK-33846', 24, 24), ('STARLINK-33846', 24, 25), ('STARLINK-33846', 24, 26), ('STARLINK-33846', 24, 27), ('STARLINK-30535', 18, 28), ('STARLINK-30535', 18, 29), ('STARLINK-30535', 18, 30), ('STARLINK-30535', 18, 31), ('STARLINK-30535', 18, 32), ('STARLINK-30300', 5, 33)]",22,33,True,1653.0857767942312
11,"[('STARLINK-5158', 1, 22), ('STARLINK-30552', 11, 23), ('STARLINK-30552', 11, 24), ('STARLINK-30552', 11, 25), ('STARLINK-30552', 11, 26), ('STARLINK-4279', 19, 27), ('STARLINK-4279', 19, 28), ('STARLINK-4279', 19, 29), ('STARLINK-4279', 19, 30), ('STARLINK-30300', 22, 31), ('STARLINK-30300', 22, 32), ('STARLINK-30300', 22, 33)]",22,33,True,1472.7850980905846
10,"[('STARLINK-30334', 7, 22), ('STARLINK-30334', 7, 23), ('STARLINK-33846', 9, 24), ('STARLINK-33846', 9, 25), ('STARLINK-33846', 9, 26), ('STARLINK-33846', 9, 27), ('STARLINK-5287', 8, 28), ('STARLINK-5287', 8, 29), ('STARLINK-5287', 8, 30), ('STARLINK-5287', 8, 31), ('STARLINK-5287', 8, 32), ('STARLINK-30300', 11, 33), ('STARLINK-30300', 11, 34)]",22,34,True,1482.396362395853
13,"[('STARLINK-30334', 18, 22), ('STARLINK-30334', 18, 23), ('STARLINK-33846', 21, 24), ('STARLINK-33846', 21, 25), ('STARLINK-33846', 21, 26), ('STARLINK-33846', 21, 27), ('STARLINK-5287', 15, 28), ('STARLINK-5287', 15, 29), ('STARLINK-5287', 15, 30), ('STARLINK-5287', 15, 31), ('STARLINK-30300', 0, 32), ('STARLINK-30300', 0, 33)]",22,33,True,1269.5759363281154
54,"[('STARLINK-30552', 12, 23), ('STARLINK-30552', 12, 24), ('STARLINK-30552', 12, 25), ('STARLINK-30552', 12, 26), ('STARLINK-4279', 14, 27), ('STARLINK-4279', 14, 28), ('STARLINK-4279', 14, 29), ('STARLINK-4279', 14, 30), ('STARLINK-30300', 21, 31), ('STARLINK-30300', 21, 32), ('STARLINK-30300', 21, 33), ('STARLINK-30300', 21, 34), ('STARLINK-34078', 0, 35)]",23,35,True,1438.5927099984854
53,"[('STARLINK-30334', 11, 23), ('STARLINK-33846', 16, 24), ('STARLINK-33846', 16, 25), ('STARLINK-33846', 16, 26), ('STARLINK-33846', 16, 27), ('STARLINK-5287', 6, 28), ('STARLINK-5287', 6, 29), ('STARLINK-5287', 6, 30), ('STARLINK-5287', 6, 31), ('STARLINK-5287', 6, 32), ('STARLINK-30300', 18, 33), ('STARLINK-30300', 18, 34)]",23,34,True,1090.068643799486
52,"[('STARLINK-30334', 12, 23), ('STARLINK-33846', 20, 24), ('STARLINK-33846', 20, 25), ('STARLINK-33846', 20, 26), ('STARLINK-33846', 20, 27), ('STARLINK-5287', 3, 28), ('STARLINK-5287', 3, 29), ('STARLINK-5287', 3, 30), ('STARLINK-5287', 3, 31), ('STARLINK-5287', 3, 32), ('STARLINK-33856', 16, 33), ('STARLINK-33856', 16, 34), ('STARLINK-33856', 16, 35)]",23,35,True,1132.7963316132818
51,"[('STARLINK-30334', 17, 23), ('STARLINK-30552', 1, 24), ('STARLINK-30552', 1, 25), ('STARLINK-30552', 1, 26), ('STARLINK-30552', 1, 27), ('STARLINK-5287', 24, 28), ('STARLINK-5287', 24, 29), ('STARLINK-5287', 24, 30), ('STARLINK-5287', 24, 31), ('STARLINK-33856', 17, 32), ('STARLINK-33856', 17, 33), ('STARLINK-33856', 17, 34)]",23,34,True,961.0492937297529
50,"[('STARLINK-30334', 10, 23), ('STARLINK-30552', 13, 24), ('STARLINK-30552', 13, 25), ('STARLINK-30552', 13, 26), ('STARLINK-30552', 13, 27), ('STARLINK-30535', 11, 28), ('STARLINK-30535', 11, 29), ('STARLINK-30535', 11, 30), ('STARLINK-30535', 11, 31), ('STARLINK-30535', 11, 32), ('STARLINK-30300', 7, 33), ('STARLINK-30300', 7, 34)]",23,34,True,933.9975546013567
40,"[('STARLINK-30552', 22, 25), ('STARLINK-30552', 22, 26), ('STARLINK-30552', 22, 27), ('STARLINK-5287', 16, 28), ('STARLINK-5287', 16, 29), ('STARLINK-5287', 16, 30), ('STARLINK-5287', 16, 31), ('STARLINK-33856', 20, 32), ('STARLINK-33856', 20, 33), ('STARLINK-33856', 20, 34), ('STARLINK-33856', 20, 35), ('STARLINK-3557', 2, 36)]",25,36,True,1140.2554067203446
41,"[('STARLINK-33846', 0, 25), ('STARLINK-33846', 0, 26), ('STARLINK-33846', 0, 27), ('STARLINK-5287', 1, 28), ('STARLINK-5287', 1, 29), ('STARLINK-5287', 1, 30), ('STARLINK-5287', 1, 31), ('STARLINK-33856', 13, 32), ('STARLINK-33856', 13, 33), ('STARLINK-33856', 13, 34), ('STARLINK-33856', 13, 35), ('STARLINK-3557', 3, 36)]",25,36,True,1117.6117989410836
42,"[('STARLINK-30552', 19, 25), ('STARLINK-30552', 19, 26), ('STARLINK-4279', 5, 27), ('STARLINK-4279', 5, 28), ('STARLINK-4279', 5, 29), ('STARLINK-4279', 5, 30), ('STARLINK-30300', 23, 31), ('STARLINK-30300', 23, 32), ('STARLINK-30300', 23, 33), ('STARLINK-30300', 23, 34), ('STARLINK-34078', 7, 35), ('STARLINK-34078', 7, 36), ('STARLINK-34078', 7, 37)]",25,37,True,1430.483881293742
43,"[('STARLINK-30552', 5, 25), ('STARLINK-30552', 5, 26), ('STARLINK-30552', 5, 27), ('STARLINK-5287', 21, 28), ('STARLINK-5287', 21, 29), ('STARLINK-5287', 21, 30), ('STARLINK-5287', 21, 31), ('STARLINK-33856', 8, 32), ('STARLINK-33856', 8, 33), ('STARLINK-33856', 8, 34), ('STARLINK-33856', 8, 35), ('STARLINK-3557', 5, 36)]",25,36,True,1094.8574158727458
44,"[('STARLINK-33846', 6, 25), ('STARLINK-33846', 6, 26), ('STARLINK-33846', 6, 27), ('STARLINK-5287', 0, 28), ('STARLINK-5287', 0, 29), ('STARLINK-5287', 0, 30), ('STARLINK-5287', 0, 31), ('STARLINK-33856', 12, 32), ('STARLINK-33856', 12, 33), ('STARLINK-33856', 12, 34), ('STARLINK-33856', 12, 35), ('STARLINK-3557', 9, 36)]",25,36,True,1071.7455596246102
22,"[('STARLINK-31483', 18, 26), ('STARLINK-31483', 18, 27), ('STARLINK-31483', 18, 28), ('STARLINK-30535', 22, 29), ('STARLINK-30535', 22, 30), ('STARLINK-30535', 22, 31), ('STARLINK-30535', 22, 32), ('STARLINK-33856', 2, 33), ('STARLINK-33856', 2, 34), ('STARLINK-33856', 2, 35), ('STARLINK-33856', 2, 36), ('STARLINK-34078', 1, 37), ('STARLINK-34078', 1, 38)]",26,38,True,1526.24571883528
21,"[('STARLINK-31483', 4, 26), ('STARLINK-4279', 17, 27), ('STARLINK-4279', 17, 28), ('STARLINK-4279', 17, 29), ('STARLINK-4279', 17, 30), ('STARLINK-30300', 14, 31), ('STARLINK-30300', 14, 32), ('STARLINK-30300', 14, 33), ('STARLINK-30300', 14, 34), ('STARLINK-34078', 19, 35), ('STARLINK-34078', 19, 36), ('STARLINK-34078', 19, 37)]",26,37,True,1358.200010348011
23,"[('STARLINK-31483', 23, 26), ('STARLINK-4279', 12, 27), ('STARLINK-4279', 12, 28), ('STARLINK-4279', 12, 29), ('STARLINK-4279', 12, 30), ('STARLINK-30300', 10, 31), ('STARLINK-30300', 10, 32), ('STARLINK-30300', 10, 33), ('STARLINK-30300', 10, 34), ('STARLINK-34078', 21, 35), ('STARLINK-34078', 21, 36), ('STARLINK-34078', 21, 37)]",26,37,True,1301.4357510811376
20,"[('STARLINK-31483', 3, 26), ('STARLINK-4279', 13, 27), ('STARLINK-4279', 13, 28), ('STARLINK-4279', 13, 29), ('STARLINK-4279', 13, 30), ('STARLINK-30300', 4, 31), ('STARLINK-30300', 4, 32), ('STARLINK-30300', 4, 33), ('STARLINK-30300', 4, 34), ('STARLINK-34078', 11, 35), ('STARLINK-34078', 11, 36), ('STARLINK-34078', 11, 37), ('STARLINK-34078', 11, 38)]",26,38,True,1356.8462611801372
24,"[('STARLINK-31483', 17, 26), ('STARLINK-31483', 17, 27), ('STARLINK-32191', 20, 28), ('STARLINK-32191', 20, 29), ('STARLINK-32191', 20, 30), ('STARLINK-32191', 20, 31), ('STARLINK-33856', 9, 32), ('STARLINK-33856', 9, 33), ('STARLINK-33856', 9, 34), ('STARLINK-33856', 9, 35), ('STARLINK-34078', 4, 36), ('STARLINK-34078', 4, 37), ('STARLINK-34078', 4, 38)]",26,38,True,1347.394334378232
9,"[('STARLINK-33832', 18, 27), ('STARLINK-32191', 7, 28), ('STARLINK-32191', 7, 29), ('STARLINK-32191', 7, 30), ('STARLINK-32191', 7, 31), ('STARLINK-33856', 5, 32), ('STARLINK-33856', 5, 33), ('STARLINK-33856', 5, 34), ('STARLINK-33856', 5, 35), ('STARLINK-34078', 10, 36), ('STARLINK-34078', 10, 37), ('STARLINK-34078', 10, 38)]",27,38,True,1194.703365145721
8,"[('STARLINK-4279', 2, 27), ('STARLINK-4279', 2, 28), ('STARLINK-4279', 2, 29), ('STARLINK-4279', 2, 30), ('STARLINK-30300', 6, 31), ('STARLINK-30300', 6, 32), ('STARLINK-30300', 6, 33), ('STARLINK-30300', 6, 34), ('STARLINK-34078', 22, 35), ('STARLINK-34078', 22, 36), ('STARLINK-34078', 22, 37)]",27,37,True,1072.543272238684
7,"[('STARLINK-33832', 0, 27), ('STARLINK-5287', 19, 28), ('STARLINK-5287', 19, 29), ('STARLINK-5287', 19, 30), ('STARLINK-5287', 19, 31), ('STARLINK-33856', 3, 32), ('STARLINK-33856', 3, 33), ('STARLINK-33856', 3, 34), ('STARLINK-33856', 3, 35), ('STARLINK-34078', 6, 36), ('STARLINK-34078', 6, 37), ('STARLINK-34078', 6, 38)]",27,38,True,1142.2127523134627
6,"[('STARLINK-33832', 7, 27), ('STARLINK-32191', 9, 28), ('STARLINK-32191', 9, 29), ('STARLINK-32191', 9, 30), ('STARLINK-32191', 9, 31), ('STARLINK-33856', 19, 32), ('STARLINK-33856', 19, 33), ('STARLINK-33856', 19, 34), ('STARLINK-33856', 19, 35), ('STARLINK-34078', 14, 36), ('STARLINK-34078', 14, 37)]",27,37,True,955.4343608887523
5,"[('STARLINK-33832', 17, 27), ('STARLINK-32191', 15, 28), ('STARLINK-32191', 15, 29), ('STARLINK-32191', 15, 30), ('STARLINK-32191', 15, 31), ('STARLINK-33856', 7, 32), ('STARLINK-33856', 7, 33), ('STARLINK-33856', 7, 34), ('STARLINK-33856', 7, 35), ('STARLINK-34078', 15, 36), ('STARLINK-34078', 15, 37), ('STARLINK-34078', 15, 38)]",27,38,True,1026.7919631548873
4,"[('STARLINK-32191', 10, 28), ('STARLINK-32191', 10, 29), ('STARLINK-32191', 10, 30), ('STARLINK-30300', 17, 31), ('STARLINK-30300', 17, 32), ('STARLINK-30300', 17, 33), ('STARLINK-30300', 17, 34), ('STARLINK-34078', 17, 35), ('STARLINK-34078', 17, 36), ('STARLINK-34078', 17, 37), ('STARLINK-34078', 17, 38), ('STARLINK-31339', 8, 39)]",28,39,True,1213.5770533950613
3,"[('STARLINK-32191', 14, 28), ('STARLINK-32191', 14, 29), ('STARLINK-32191', 14, 30), ('STARLINK-30300', 13, 31), ('STARLINK-30300', 13, 32), ('STARLINK-30300', 13, 33), ('STARLINK-30300', 13, 34), ('STARLINK-34078', 24, 35), ('STARLINK-34078', 24, 36), ('STARLINK-34078', 24, 37), ('STARLINK-34078', 24, 38), ('STARLINK-31339', 16, 39)]",28,39,True,1194.6918470882695
2,"[('STARLINK-32191', 8, 28), ('STARLINK-32191', 8, 29), ('STARLINK-32191', 8, 30), ('STARLINK-30300', 12, 31), ('STARLINK-30300', 12, 32), ('STARLINK-30300', 12, 33), ('STARLINK-30300', 12, 34), ('STARLINK-34078', 13, 35), ('STARLINK-34078', 13, 36), ('STARLINK-34078', 13, 37), ('STARLINK-34078', 13, 38)]",28,38,True,947.1103631735158
1,"[('STARLINK-5287', 18, 28), ('STARLINK-5287', 18, 29), ('STARLINK-5287', 18, 30), ('STARLINK-30300', 20, 31), ('STARLINK-30300', 20, 32), ('STARLINK-30300', 20, 33), ('STARLINK-30300', 20, 34), ('STARLINK-34078', 12, 35), ('STARLINK-34078', 12, 36), ('STARLINK-34078', 12, 37), ('STARLINK-34078', 12, 38), ('STARLINK-31339', 12, 39)]",28,39,True,1152.9982314250797
0,"[('STARLINK-32191', 24, 28), ('STARLINK-32191', 24, 29), ('STARLINK-32191', 24, 30), ('STARLINK-30300', 15, 31), ('STARLINK-30300', 15, 32), ('STARLINK-30300', 15, 33), ('STARLINK-30300', 15, 34), ('STARLINK-34078', 8, 35), ('STARLINK-34078', 8, 36), ('STARLINK-34078', 8, 37), ('STARLINK-34078', 8, 38), ('STARLINK-31339', 2, 39)]",28,39,True,918.6940713911973
